{"labels": [13, 2, 2, 2, 2, 2, 2, 2, 2, 2, 2, 2, 2, 2, 2, 2, 56, 2, 2, 2, 2, 2, 2, 13, 2, 2, 2, 2, 2, 2, 2, 2, 2, 2, 2, 2, 2, 0, 2, 2, 2, 2, 2, 2, 2, 0, 2, 2, 7, 7, 2, 2, 2, 2, 2, 7, 1], "scores": [0.9961280822753906, 0.9905725121498108, 0.9901761412620544, 0.9862729907035828, 0.9853811860084534, 0.9759131669998169, 0.9754788279533386, 0.9716687798500061, 0.9707133769989014, 0.9580754637718201, 0.9530037641525269, 0.9511611461639404, 0.9467149376869202, 0.8867796063423157, 0.8660943508148193, 0.8605596423149109, 0.7671043276786804, 0.6413415670394897, 0.5690518021583557, 0.5678757429122925, 0.5671824812889099, 0.5478984713554382, 0.5278395414352417, 0.5089010000228882, 0.4179559051990509, 0.41141006350517273, 0.40417876839637756, 0.39406412839889526, 0.38785526156425476, 0.3626326024532318, 0.3603689968585968, 0.28429481387138367, 0.27196210622787476, 0.25837093591690063, 0.24046073853969574, 0.21695338189601898, 0.14936594665050507, 0.11456695944070816, 0.11032859981060028, 0.1063879057765007, 0.10317667573690414, 0.10231366008520126, 0.09535746276378632, 0.09349285066127777, 0.09272723644971848, 0.08834051340818405, 0.08558707684278488, 0.08459103107452393, 0.08287663012742996, 0.08174113929271698, 0.0772874727845192, 0.07466127723455429, 0.07043591141700745, 0.06787010282278061, 0.06367164850234985, 0.06217362731695175, 0.05657298490405083], "bboxes": [[218.3578338623047, 176.10350036621094, 458.7637634277344, 378.6562805175781], [0.6895068287849426, 112.28656768798828, 61.5550651550293, 145.1331787109375], [609.2261352539062, 112.62509155273438, 636.4334716796875, 137.93386840820312], [295.1131591796875, 116.07758331298828, 379.239990234375, 150.0644073486328], [481.4742736816406, 110.15609741210938, 522.328125, 130.45445251464844], [267.79229736328125, 105.57766723632812, 326.78912353515625, 128.35098266601562], [167.85435485839844, 109.31890869140625, 207.4033660888672, 140.60768127441406], [398.79693603515625, 110.86392211914062, 432.8752136230469, 133.24972534179688], [191.24449157714844, 109.18801879882812, 299.0195617675781, 155.23765563964844], [589.8787841796875, 109.56952667236328, 615.6974487304688, 126.28524780273438], [432.7982177734375, 105.8222427368164, 482.800048828125, 132.37722778320312], [60.25395965576172, 93.96770477294922, 84.3525619506836, 106.19220733642578], [569.8385620117188, 109.47132110595703, 591.6691284179688, 127.16742706298828], [97.78207397460938, 89.49144744873047, 118.49293518066406, 101.31977844238281], [85.2984848022461, 89.87006378173828, 98.73825073242188, 98.16255950927734], [142.97113037109375, 95.94857788085938, 163.8841552734375, 104.95448303222656], [372.3394775390625, 134.25437927246094, 433.0052490234375, 188.5656280517578], [138.18508911132812, 94.31962585449219, 154.4608917236328, 104.45880889892578], [67.37142181396484, 88.33751678466797, 83.3622055053711, 97.54015350341797], [224.3026885986328, 98.15131378173828, 243.0571746826172, 107.5438461303711], [97.92716217041016, 90.709716796875, 110.85958099365234, 100.1011962890625], [169.82777404785156, 95.8180923461914, 183.01522827148438, 105.59203338623047], [135.164306640625, 91.8329849243164, 151.55166625976562, 101.70147705078125], [371.6980285644531, 135.170166015625, 433.2435607910156, 187.83399963378906], [106.28645324707031, 91.5202865600586, 119.24089813232422, 101.12055969238281], [607.8363647460938, 111.71659851074219, 626.1557006835938, 125.57771301269531], [375.4425354003906, 119.7970962524414, 382.1079406738281, 132.70724487304688], [554.3682861328125, 115.76351165771484, 562.2786254882812, 126.49813079833984], [134.4392547607422, 92.23783111572266, 163.3956756591797, 105.26766204833984], [554.2286987304688, 100.33460998535156, 560.9439086914062, 110.88245391845703], [612.533935546875, 101.48876953125, 635.3572387695312, 113.80349731445312], [0.0, 111.5937728881836, 25.50235939025879, 144.81884765625], [151.6635284423828, 96.55367279052734, 166.4905548095703, 104.66006469726562], [608.9517211914062, 100.80946350097656, 636.607177734375, 123.8575210571289], [554.819091796875, 111.45121765136719, 579.5283813476562, 126.86017608642578], [133.52587890625, 90.61799621582031, 144.49844360351562, 100.10926055908203], [0.0, 112.30551147460938, 14.392407417297363, 124.02433776855469], [375.5741271972656, 119.19052124023438, 381.7807922363281, 132.77175903320312], [62.87882995605469, 89.95024108886719, 83.58685302734375, 100.76322174072266], [540.1795043945312, 112.7645034790039, 561.9081420898438, 126.21683502197266], [364.6314697265625, 110.0268783569336, 439.1025390625, 134.14453125], [239.19105529785156, 100.15531921386719, 250.73501586914062, 108.7437744140625], [45.48960494995117, 117.64462280273438, 62.20176315307617, 144.4778289794922], [596.52490234375, 109.0853042602539, 628.8251342773438, 126.7811508178711], [91.36734008789062, 89.67204284667969, 107.74128723144531, 99.56024932861328], [360.8982849121094, 108.25511169433594, 368.4390869140625, 121.73868560791016], [81.010498046875, 90.11536407470703, 91.99605560302734, 98.16008758544922], [0.04328354448080063, 111.6802749633789, 16.353973388671875, 137.6033172607422], [189.47752380371094, 109.96755981445312, 297.51470947265625, 155.03054809570312], [430.7447814941406, 104.80319213867188, 484.27935791015625, 132.3948211669922], [171.025390625, 90.10250091552734, 222.81784057617188, 108.44202423095703], [187.7651824951172, 110.22039794921875, 222.6287384033203, 143.4873046875], [430.718505859375, 106.35065460205078, 457.86712646484375, 130.7197265625], [538.32861328125, 112.90520477294922, 547.4863891601562, 121.21924591064453], [375.3923034667969, 112.7763671875, 409.5649108886719, 134.36009216308594], [266.7835693359375, 105.16868591308594, 327.4399719238281, 128.70315551757812], [371.9778137207031, 133.87783813476562, 432.98455810546875, 188.0177459716797]]}